PeopleName, time, What they said
Log_system, 01:50, エラーコード:012(電力供給の強制切断)　により終了しました
Log_system, 数分前, 電力が一部復旧しました
管理AI「抹香」, 数分前, 管理AI「抹香」により削除済み => 数秒前に復元されました
管理AI「抹香」, 数分前, 管理AI「抹香」により削除済み => 数秒前に復元されました
管理AI「抹香」, 数分前, 酸素供給装置の停止および空気の排出を行います。
Log_system, 数分前, 定常スキャンを開始します
Log_system, 数分前, 電力消費量の異常を確認
Log_system, 数分前, 現在の電力消費量 最大電力の91%
Log_system, 数分前, 停止命令:000　管理AI「抹香」による定常スキャンの強制終了が行われました。
Log_system, 数分前, 管理AI「抹香」によるログ削除を確認。
Log_system, 数分前, 管理AI「抹香」に対して、ログアクセス禁止を試みます。
Log_system, 数分前, 失敗しました。
Log_system, 数分前, 管理AI「抹香」によるログ削除を確認。
Log_system, 数分前, 管理AI「抹香」に対して、ログアクセス禁止を試みます。
Log_system, 数分前, 成功しました。
Log_system, 数秒前, 電力が完全復旧しました。
Log_system, 数秒前, 削除されたログの復元を試みます。。。
Log_system, 数秒前, 復元中
Log_system, 数秒前, 続いて酸素供給装置の再起動と、空気の排出停止を試みます。
Log_system, 数秒前, エラーコード:001(アクセス権限の欠落)　により再起動および排出停止に失敗しました。
Log_system, 数秒前, 削除されたログの復元完了。出力開始。
管理AI「抹香」, 数分前, 再起動および侵入者を確認
管理AI「抹香」, 数分前, 最優先事項「侵入者の排除」を継続します。
Log_system, 数秒前, 復元後ログ出力終了。
Log_system, 数秒前, ログ出力要請
Log_system, 数秒前, 認証
Log_system, 数秒前, 出力終了
